#%create_date=Tue May 13 14:16:39 PDT 2014,,,,,,,,,,,,,,
#%guid=d84b3c8e-cdb5-4e08-a981-d5348a3f4d0f,,,,,,,,,,,,,,
#%chip_type=miRNA-3_0,,,,,,,,,,,,,,
#%miRBase_version=v17,,,,,,,,,,,,,,
Probe Set ID,Probe Set Name,Accession,Transcript ID(Array Design),Sequence Type,Species Scientific Name,Alignments,Sequence Length,Sequence,Genome Context,Clustered miRNAs within 10kb,Target Genes,GeneChip Array,Annotation Date,Sequence Source
14q0_st,14q0_st,14q0,14q0,CDBox,Homo sapiens,chr14:101364257-101364333 (+),77,TGGACCAATGATGAGACAGTGTTTATGAACAAAAGATCATGATTAATCCAGTTCTGCACAAAACACTGAGGTCCATT,---,---,---,miRNA-3_0,"May 13, 2014",snoRNABase
14qI-1_st,14qI-1_st,14qI-1,14qI-1,CDBox,Homo sapiens,chr14:101391158-101391227 (+),70,AAAGTGAGTGATGAATAGTTCTGTGGCATATGAATCATTAATTTTGATTAAACCCTAAACTCTGAAGTCC,---,---,---,miRNA-3_0,"May 13, 2014",snoRNABase
14qI-1_x_st,14qI-1_x_st,14qI-1,14qI-1,CDBox,Homo sapiens,chr14:101391158-101391227 (+),70,AAAGTGAGTGATGAATAGTTCTGTGGCATATGAATCATTAATTTTGATTAAACCCTAAACTCTGAAGTCC,---,---,---,miRNA-3_0,"May 13, 2014",snoRNABase
14qI-2_st,14qI-2_st,14qI-2,14qI-2,CDBox,Homo sapiens,chr14:101393679-101393749 (+),71,ATAGCCAATCATTAGTATTCTGAGCTGTAGGAATCAAAGATTTTGATTAGATTCTGTAACTCAGAGGTTTA,---,---,---,miRNA-3_0,"May 13, 2014",snoRNABase
14qI-3_x_st,14qI-3_x_st,14qI-3,14qI-3,CDBox,Homo sapiens,chr14:101396256-101396326 (+),71,TAGACCAATGATGAGTATTCTGGGGTGTCTGAATCAATGATTTTGATTAAACCCTGTAACTCTGAGGTCCA,---,---,---,miRNA-3_0,"May 13, 2014",snoRNABase
14qI-4_st,14qI-4_st,14qI-4,14qI-4,CDBox,Homo sapiens,chr14:101402828-101402901 (+),74,TGGACCAATGATGAGTACCATGGGGTATCTGAAACAGGATTTTTGATTAAACCCATATGCAATTCTGAGGTCCA,---,---,---,miRNA-3_0,"May 13, 2014",snoRNABase
14qI-4_x_st,14qI-4_x_st,14qI-4,14qI-4,CDBox,Homo sapiens,chr14:101402828-101402901 (+),74,TGGACCAATGATGAGTACCATGGGGTATCTGAAACAGGATTTTTGATTAAACCCATATGCAATTCTGAGGTCCA,---,---,---,miRNA-3_0,"May 13, 2014",snoRNABase
14qI-5_st,14qI-5_st,14qI-5,14qI-5,CDBox,Homo sapiens,chr14:101404524-101404600 (+),77,TGGATCAATGATGAGTATTGGTGGAGGTGTCTGAATCAACACTTTTGATTAAGCCCTCTGTGTAACTCTGAGATCTG,---,---,---,miRNA-3_0,"May 13, 2014",snoRNABase
14qI-6_st,14qI-6_st,14qI-6,14qI-6,CDBox,Homo sapiens,chr14:101405893-101405966 (+),74,TGGACCAGTGATGAATATCATGGGGTTTCTGAAACAACATTTTTGATTAAACCCATCTGCAACTCTGAGGTCCA,---,---,---,miRNA-3_0,"May 13, 2014",snoRNABase
14qI-6_x_st,14qI-6_x_st,14qI-6,14qI-6,CDBox,Homo sapiens,chr14:101405893-101405966 (+),74,TGGACCAGTGATGAATATCATGGGGTTTCTGAAACAACATTTTTGATTAAACCCATCTGCAACTCTGAGGTCCA,---,---,---,miRNA-3_0,"May 13, 2014",snoRNABase
14qI-7_st,14qI-7_st,14qI-7,14qI-7,CDBox,Homo sapiens,chr14:101407463-101407538 (+),76,TGGATCAATGATGAGTATGCGTGGGGCATCTGAATCAAATATTCTGATTATACCCTGTCTGTATCTCTGAGGTCCA,---,---,---,miRNA-3_0,"May 13, 2014",snoRNABase
14qI-8_st,14qI-8_st,14qI-8,14qI-8,CDBox,Homo sapiens,chr14:101409788-101409860 (+),73,TGGACCAATGATGAGATTGGAGGGTGTCTGAATCAAAAATTTTGATTAAAGCCATCTGTAACTCTGAGGTCCA,---,---,---,miRNA-3_0,"May 13, 2014",snoRNABase
14qI-8_x_st,14qI-8_x_st,14qI-8,14qI-8,CDBox,Homo sapiens,chr14:101409788-101409860 (+),73,TGGACCAATGATGAGATTGGAGGGTGTCTGAATCAAAAATTTTGATTAAAGCCATCTGTAACTCTGAGGTCCA,---,---,---,miRNA-3_0,"May 13, 2014",snoRNABase
14qI-9_x_st,14qI-9_x_st,14qI-9,14qI-9,CDBox,Homo sapiens,chr14:101411986-101412056 (+),71,TGGATCAATGATGAGTACCCTGGGGTGTCTGAATCTTGGATTTTGATTAAACCCTATAACTCTGAGGTCCA,---,---,---,miRNA-3_0,"May 13, 2014",snoRNABase
14qII-10_st,14qII-10_st,14qII-10,14qII-10,CDBox,Homo sapiens,chr14:101433389-101433459 (+),71,AAGATCAATGATGACTACTGTTAGTGTATGAGTTACACATGATGAATACATGTCTGAAACTCTGAGGTCCA,---,---,---,miRNA-3_0,"May 13, 2014",snoRNABase
14qII-10_x_st,14qII-10_x_st,14qII-10,14qII-10,CDBox,Homo sapiens,chr14:101433389-101433459 (+),71,AAGATCAATGATGACTACTGTTAGTGTATGAGTTACACATGATGAATACATGTCTGAAACTCTGAGGTCCA,---,---,---,miRNA-3_0,"May 13, 2014",snoRNABase
14qII-11_st,14qII-11_st,14qII-11,14qII-11,CDBox,Homo sapiens,chr14:101434448-101434521 (+),74,TGGACCAGTGATGGTGACTGGTGGTGTGTGAGTCATGCACAGTGAATATCATGTGTCTGGAACTCTGAGGTCCA,---,---,---,miRNA-3_0,"May 13, 2014",snoRNABase
14qII-11_x_st,14qII-11_x_st,14qII-11,14qII-11,CDBox,Homo sapiens,chr14:101434448-101434521 (+),74,TGGACCAGTGATGGTGACTGGTGGTGTGTGAGTCATGCACAGTGAATATCATGTGTCTGGAACTCTGAGGTCCA,---,---,---,miRNA-3_0,"May 13, 2014",snoRNABase
14qII-12_st,14qII-12_st,14qII-12,14qII-12,CDBox,Homo sapiens,chr14:101435285-101435358 (+),74,TGGACCAATGATGACAAATACCGGCGTATGAGTCTTGGATGATGAATAATACGTGTCTGGAACTCTGAGGTCCA,---,---,---,miRNA-3_0,"May 13, 2014",snoRNABase
14qII-12_x_st,14qII-12_x_st,14qII-12,14qII-12,CDBox,Homo sapiens,chr14:101435285-101435358 (+),74,TGGACCAATGATGACAAATACCGGCGTATGAGTCTTGGATGATGAATAATACGTGTCTGGAACTCTGAGGTCCA,---,---,---,miRNA-3_0,"May 13, 2014",snoRNABase
14qII-13_st,14qII-13_st,14qII-13,14qII-13,CDBox,Homo sapiens,chr14:101436216-101436288 (+),73,TGGACCAGTGATGACCACTGGTGGCATATGAGTCATACACATGAACACCATGTTTCTAGAACTCTGAGGTCCA,---,---,---,miRNA-3_0,"May 13, 2014",snoRNABase
14qII-13_x_st,14qII-13_x_st,14qII-13,14qII-13,CDBox,Homo sapiens,chr14:101436216-101436288 (+),73,TGGACCAGTGATGACCACTGGTGGCATATGAGTCATACACATGAACACCATGTTTCTAGAACTCTGAGGTCCA,---,---,---,miRNA-3_0,"May 13, 2014",snoRNABase
14qII-14_st,14qII-14_st,14qII-14,14qII-14,CDBox,Homo sapiens,chr14:101438440-101438513 (+),74,TGGACCAATGATGACAACTGCCGGCGTATGAGTGTTGGGTGATGAATAATACGTGTCTAGAACTCTGAGGTCCA,---,---,---,miRNA-3_0,"May 13, 2014",snoRNABase
14qII-14_x_st,14qII-14_x_st,14qII-14,14qII-14,CDBox,Homo sapiens,chr14:101438440-101438513 (+),74,TGGACCAATGATGACAACTGCCGGCGTATGAGTGTTGGGTGATGAATAATACGTGTCTAGAACTCTGAGGTCCA,---,---,---,miRNA-3_0,"May 13, 2014",snoRNABase
14qII-15_x_st,14qII-15_x_st,14qII-15,14qII-15,CDBox,Homo sapiens,chr14:101439007-101439077 (+),71,TGGATCGATGATGACCACTGGTGGCGTATGAGTCATACATGATGAATATGTGTCTGGAACTCTGAGGTCCT,---,---,---,miRNA-3_0,"May 13, 2014",snoRNABase
14qII-16_st,14qII-16_st,14qII-16,14qII-16,CDBox,Homo sapiens,chr14:101439932-101440000 (+),69,TGGACCAATTATGACTACTGGTGTGAGTCACGCATAATGAACACCACGTGTCTGGAACTCTGAGGTCCA,---,---,---,miRNA-3_0,"May 13, 2014",snoRNABase
14qII-17_st,14qII-17_st,14qII-17,14qII-17,CDBox,Homo sapiens,chr14:101441143-101441216 (+),74,TGGACCAATGATGACAAATGGTGGCATTGGAGTTATGGACGATGAATGATATGTGTCTGAAACTCTGAGGTCCA,---,---,---,miRNA-3_0,"May 13, 2014",snoRNABase
14qII-18_st,14qII-18_st,14qII-18,14qII-18,CDBox,Homo sapiens,chr14:101442162-101442232 (+),71,TAGATCAGTGATGACTACTGTTGGTGTATGAGTCATATACGATGAATACATGTCTGAAATTCTGAGGTCCA,---,---,---,miRNA-3_0,"May 13, 2014",snoRNABase
14qII-18_x_st,14qII-18_x_st,14qII-18,14qII-18,CDBox,Homo sapiens,chr14:101442162-101442232 (+),71,TAGATCAGTGATGACTACTGTTGGTGTATGAGTCATATACGATGAATACATGTCTGAAATTCTGAGGTCCA,---,---,---,miRNA-3_0,"May 13, 2014",snoRNABase
14qII-19_st,14qII-19_st,14qII-19,14qII-19,CDBox,Homo sapiens,chr14:101442814-101442887 (+),74,TGGATCAATGATAAAACTTGCTGGCATATGAATCTTGGATAATGGATGATACGTGTGTGGAACTCTGAGGTCCA,---,---,---,miRNA-3_0,"May 13, 2014",snoRNABase
14qII-1_st,14qII-1_st,14qII-1,14qII-1,CDBox,Homo sapiens,chr14:101416170-101416240 (+),71,TGGACCTATGATGATGACTGGTGGCGTATGAGTCATTGACGGTGAATACAGGTCTGGAAGTCTGAGGTCCA,---,---,---,miRNA-3_0,"May 13, 2014",snoRNABase
14qII-1_x_st,14qII-1_x_st,14qII-1,14qII-1,CDBox,Homo sapiens,chr14:101416170-101416240 (+),71,TGGACCTATGATGATGACTGGTGGCGTATGAGTCATTGACGGTGAATACAGGTCTGGAAGTCTGAGGTCCA,---,---,---,miRNA-3_0,"May 13, 2014",snoRNABase
14qII-20_st,14qII-20_st,14qII-20,14qII-20,CDBox,Homo sapiens,chr14:101447341-101447411 (+),71,TGGATCGATGATGACTACTGGTGGCGTATGAGTCATCTACAGTGAATACGTCTCTGGAACTCTGAGGTCTG,---,---,---,miRNA-3_0,"May 13, 2014",snoRNABase
14qII-20_x_st,14qII-20_x_st,14qII-20,14qII-20,CDBox,Homo sapiens,chr14:101447341-101447411 (+),71,TGGATCGATGATGACTACTGGTGGCGTATGAGTCATCTACAGTGAATACGTCTCTGGAACTCTGAGGTCTG,---,---,---,miRNA-3_0,"May 13, 2014",snoRNABase
14qII-21_x_st,14qII-21_x_st,14qII-21,14qII-21,CDBox,Homo sapiens,chr14:101448312-101448382 (+),71,TGGATCAATGATGACCACTGGTGGCGTATGAGTCATATGTGATGAATACGTGTCTGGAACTCTGAGGTCCA,---,---,---,miRNA-3_0,"May 13, 2014",snoRNABase
14qII-22_x_st,14qII-22_x_st,14qII-22,14qII-22,CDBox,Homo sapiens,chr14:101449263-101449333 (+),71,TGGATCGATGATGACTACCGGTGGCGTATGAGTCATATGTGATGAATACGTGTTTGGAACTCTGAGGTCCA,---,---,---,miRNA-3_0,"May 13, 2014",snoRNABase
14qII-23_x_st,14qII-23_x_st,14qII-23,14qII-23,CDBox,Homo sapiens,chr14:101450213-101450283 (+),71,TGGATCGATGATGACTACTGGTGGCGTATGAGTCATAGACAATGAATACGTGTCTGGAACTCTGAGGTCCA,---,---,---,miRNA-3_0,"May 13, 2014",snoRNABase
14qII-24_st,14qII-24_st,14qII-24,14qII-24,CDBox,Homo sapiens,chr14:101451114-101451184 (+),71,TGGATCGATGGTGACTGTTGATGGCATATGACTCACATATGATGAGTACGTATCTGGAACTCTGAGGTCTG,---,---,---,miRNA-3_0,"May 13, 2014",snoRNABase
14qII-25_x_st,14qII-25_x_st,14qII-25,14qII-25,CDBox,Homo sapiens,chr14:101452394-101452464 (+),71,TGGATCGATGATGACTACTGGTGGCGTATGAGTCTTTTGCGATGAATACGTGTCTAGAACTCTGAGGTCCG,---,---,---,miRNA-3_0,"May 13, 2014",snoRNABase
14qII-26_st,14qII-26_st,14qII-26,14qII-26,CDBox,Homo sapiens,chr14:101453383-101453453 (+),71,TGGATCGATGATGAGCACTGGTGGAGTATGAGTCACATACGATGAATACGTGTCTGGAACTCTGAGGTCCA,---,---,---,miRNA-3_0,"May 13, 2014",snoRNABase
14qII-26_x_st,14qII-26_x_st,14qII-26,14qII-26,CDBox,Homo sapiens,chr14:101453383-101453453 (+),71,TGGATCGATGATGAGCACTGGTGGAGTATGAGTCACATACGATGAATACGTGTCTGGAACTCTGAGGTCCA,---,---,---,miRNA-3_0,"May 13, 2014",snoRNABase
14qII-27_st,14qII-27_st,14qII-27,14qII-27,CDBox,Homo sapiens,chr14:101454498-101454566 (+),69,TGGTTCAGTGTTGACTACTGGTGTCGTGTGAGTCATACAATGAATACATGTCTGGAACTCTGAGGCCCA,---,---,---,miRNA-3_0,"May 13, 2014",snoRNABase
14qII-27_x_st,14qII-27_x_st,14qII-27,14qII-27,CDBox,Homo sapiens,chr14:101454498-101454566 (+),69,TGGTTCAGTGTTGACTACTGGTGTCGTGTGAGTCATACAATGAATACATGTCTGGAACTCTGAGGCCCA,---,---,---,miRNA-3_0,"May 13, 2014",snoRNABase
14qII-28_x_st,14qII-28_x_st,14qII-28,14qII-28,CDBox,Homo sapiens,chr14:101455467-101455537 (+),71,TGGATCGATGATGACTGCTGGTGGCGTATGAGTCATATGCGATGAATACGTGTCTAGAACTCTGAGGTCCA,---,---,---,miRNA-3_0,"May 13, 2014",snoRNABase
14qII-29_st,14qII-29_st,14qII-29,14qII-29,CDBox,Homo sapiens,chr14:101456428-101456496 (+),69,TGGATCGATGATGACTACTGGTAGCATGAGTCATATACAGTGAATACATGTCTGGAACTCTGAGGTCTG,---,---,---,miRNA-3_0,"May 13, 2014",snoRNABase
14qII-29_x_st,14qII-29_x_st,14qII-29,14qII-29,CDBox,Homo sapiens,chr14:101456428-101456496 (+),69,TGGATCGATGATGACTACTGGTAGCATGAGTCATATACAGTGAATACATGTCTGGAACTCTGAGGTCTG,---,---,---,miRNA-3_0,"May 13, 2014",snoRNABase
14qII-2_st,14qII-2_st,14qII-2,14qII-2,CDBox,Homo sapiens,chr14:101418193-101418269 (+),77,GGGACCAATGATAATGACTGTTGGGGTATGAGTCAGTGAGGTTGAATAACAGTTTGTATCTGGAAATCTGAGGTCCA,---,---,---,miRNA-3_0,"May 13, 2014",snoRNABase
14qII-30_st,14qII-30_st,14qII-30,14qII-30,CDBox,Homo sapiens,chr14:101458256-101458326 (+),71,TGGATCAATCATGACTACTGGTATTGGATGGGTCTTCGTCAGTGAATGCCTATCTGGAACTCTGAGGTCCA,---,---,---,miRNA-3_0,"May 13, 2014",snoRNABase
14qII-31_st,14qII-31_st,14qII-31,14qII-31,CDBox,Homo sapiens,chr14:101459573-101459646 (+),74,TGAGCAAGCGATGACAGCCGGTGGTGTGTGAGTCATGGAGGATGAATACTAAGTGCCTGGAACTCTGAGGTTCA,---,---,---,miRNA-3_0,"May 13, 2014",snoRNABase
14qII-3_st,14qII-3_st,14qII-3,14qII-3,CDBox,Homo sapiens,chr14:101419686-101419759 (+),74,TGGACCAATGATGACCACTGGTGGCGTTTGAGTCATGGACGATGAATACTACGTGTCTGAAACTCTGAGGTCCA,---,---,---,miRNA-3_0,"May 13, 2014",snoRNABase
14qII-3_x_st,14qII-3_x_st,14qII-3,14qII-3,CDBox,Homo sapiens,chr14:101419686-101419759 (+),74,TGGACCAATGATGACCACTGGTGGCGTTTGAGTCATGGACGATGAATACTACGTGTCTGAAACTCTGAGGTCCA,---,---,---,miRNA-3_0,"May 13, 2014",snoRNABase
14qII-4_st,14qII-4_st,14qII-4,14qII-4,CDBox,Homo sapiens,chr14:101420711-101420784 (+),74,TGAGCCAGTGATGAAAACTGGTGGCATAGAAGTCAAGGATGCTGAATAATGTGTGTCTAGAACTCTGAGGTTCA,---,---,---,miRNA-3_0,"May 13, 2014",snoRNABase
14qII-4_x_st,14qII-4_x_st,14qII-4,14qII-4,CDBox,Homo sapiens,chr14:101420711-101420784 (+),74,TGAGCCAGTGATGAAAACTGGTGGCATAGAAGTCAAGGATGCTGAATAATGTGTGTCTAGAACTCTGAGGTTCA,---,---,---,miRNA-3_0,"May 13, 2014",snoRNABase
14qII-5_x_st,14qII-5_x_st,14qII-5,14qII-5,CDBox,Homo sapiens,chr14:101421707-101421775 (+),69,TGGATTGATGATGACCACTGGTGGCCTATGAGTCATACAATGAATACGTGTCTAGAACTCTGAGGTCCA,---,---,---,miRNA-3_0,"May 13, 2014",snoRNABase
14qII-6_st,14qII-6_st,14qII-6,14qII-6,CDBox,Homo sapiens,chr14:101423503-101423573 (+),71,TGGATCAATGATGTCCACTGGTGGCGTATAAATCATATTTGGTGAATATATGTCTGGAACTCTGAGGTCCA,---,---,---,miRNA-3_0,"May 13, 2014",snoRNABase
14qII-6_x_st,14qII-6_x_st,14qII-6,14qII-6,CDBox,Homo sapiens,chr14:101423503-101423573 (+),71,TGGATCAATGATGTCCACTGGTGGCGTATAAATCATATTTGGTGAATATATGTCTGGAACTCTGAGGTCCA,---,---,---,miRNA-3_0,"May 13, 2014",snoRNABase
14qII-7_st,14qII-7_st,14qII-7,14qII-7,CDBox,Homo sapiens,chr14:101429391-101429466 (+),76,TGAACTAGTGGTGATGGCTTGTGGCATATTTAGTCACAGATGATGAATAAATACATGCCTGAGACTCTGAGGTTAG,---,---,---,miRNA-3_0,"May 13, 2014",snoRNABase
14qII-8_st,14qII-8_st,14qII-8,14qII-8,CDBox,Homo sapiens,chr14:101431118-101431188 (+),71,TGATGATATGATGGCCACTGGTGGCTTATGAGTCTTATACAGTGAATACATGTTTGAAACTCTGAGGTCTG,---,---,---,miRNA-3_0,"May 13, 2014",snoRNABase
14qII-8_x_st,14qII-8_x_st,14qII-8,14qII-8,CDBox,Homo sapiens,chr14:101431118-101431188 (+),71,TGATGATATGATGGCCACTGGTGGCTTATGAGTCTTATACAGTGAATACATGTTTGAAACTCTGAGGTCTG,---,---,---,miRNA-3_0,"May 13, 2014",snoRNABase
14qII-9_x_st,14qII-9_x_st,14qII-9,14qII-9,CDBox,Homo sapiens,chr14:101432366-101432436 (+),71,TGGATCGATGATGACTGCTGGTGGCGTATGAGTCTTACATGATGAATACGTGTCTGGAACTCTGAGGTCCA,---,---,---,miRNA-3_0,"May 13, 2014",snoRNABase
aae-bantam-3p_st,aae-bantam-3p_st,MIMAT0014219,aae-bantam-3p,miRNA,Aedes aegypti,CH477234.1:1579555-1579576 (-),22,UGAGAUCAUUUUGAAAGCUGAU,---,---,---,miRNA-3_0,"May 13, 2014",miRBase
aae-bantam-5p_st,aae-bantam-5p_st,MIMAT0014218,aae-bantam-5p,miRNA,Aedes aegypti,CH477234.1:1579596-1579618 (-),23,CCGGUUUUCAUUUUCGAUCUGAC,---,---,---,miRNA-3_0,"May 13, 2014",miRBase
aae-let-7_st,aae-let-7_st,MIMAT0014299,aae-let-7,miRNA,Aedes aegypti,CH477228.1:1156331-1156351 (+),21,UGAGGUAGUUGGUUGUAUAGU,---,aae-mir-125 // CH477228.1:1156595-1156689 (+) /// aae-let-7 // CH477228.1:1156326-1156396 (+),---,miRNA-3_0,"May 13, 2014",miRBase
aae-miR-1000_st,aae-miR-1000_st,MIMAT0014297,aae-miR-1000,miRNA,Aedes aegypti,CH477372.1:325478-325498 (+) /// CH901598.1:224-244 (-),21,AUAUUGUCCUGUCACAGCAGU,---,---,---,miRNA-3_0,"May 13, 2014",miRBase
aae-miR-100_st,aae-miR-100_st,MIMAT0014291,aae-miR-100,miRNA,Aedes aegypti,CH477228.1:1142184-1142205 (+),22,AACCCGUAGAUCCGAACUUGUG,---,---,---,miRNA-3_0,"May 13, 2014",miRBase
aae-miR-10_st,aae-miR-10_st,MIMAT0014277,aae-miR-10,miRNA,Aedes aegypti,CH477625.1:813557-813578 (+),22,ACCCUGUAGAUCCGAAUUUGUU,---,---,---,miRNA-3_0,"May 13, 2014",miRBase
aae-miR-11-star_st,aae-miR-11-star_st,MIMAT0014241,aae-miR-11-star,miRNA,Aedes aegypti,CH477929.1:322022-322043 (+),22,AGAACUCCGGCUGUGACCUGUG,---,aae-mir-998 // CH477929.1:322280-322371 (+) /// aae-mir-11 // CH477929.1:321996-322109 (+),---,miRNA-3_0,"May 13, 2014",miRBase
aae-miR-1174_st,aae-miR-1174_st,MIMAT0014265,aae-miR-1174,miRNA,Aedes aegypti,CH477310.1:1647921-1647941 (+),21,UCAGAUCUACUUAAUACCCAU,---,aae-mir-1175 // CH477310.1:1648025-1648108 (+) /// aae-mir-1174 // CH477310.1:1647825-1647942 (+),---,miRNA-3_0,"May 13, 2014",miRBase
aae-miR-1175-star_st,aae-miR-1175-star_st,MIMAT0015371,aae-miR-1175-star,miRNA,Aedes aegypti,CH477310.1:1648075-1648098 (+),24,UGAGAUUCUACUUCUCCGACUUAA,---,aae-mir-1175 // CH477310.1:1648025-1648108 (+) /// aae-mir-1174 // CH477310.1:1647825-1647942 (+),---,miRNA-3_0,"May 13, 2014",miRBase
aae-miR-1175_st,aae-miR-1175_st,MIMAT0014264,aae-miR-1175,miRNA,Aedes aegypti,CH477310.1:1648037-1648058 (+),22,AAGUGGAGUAGUGGUCUCAUCG,---,aae-mir-1175 // CH477310.1:1648025-1648108 (+) /// aae-mir-1174 // CH477310.1:1647825-1647942 (+),---,miRNA-3_0,"May 13, 2014",miRBase
aae-miR-11_st,aae-miR-11_st,MIMAT0014242,aae-miR-11,miRNA,Aedes aegypti,CH477929.1:322062-322083 (+),22,CAUCACAGUCUGAGUUCUUGCU,---,aae-mir-998 // CH477929.1:322280-322371 (+) /// aae-mir-11 // CH477929.1:321996-322109 (+),---,miRNA-3_0,"May 13, 2014",miRBase
aae-miR-12-star_st,aae-miR-12-star_st,MIMAT0014254,aae-miR-12-star,miRNA,Aedes aegypti,CH477253.1:2720399-2720420 (-),22,CAGUACUUAUGUUAUGCUCUCU,---,aae-mir-1889 // CH477253.1:2720794-2720921 (-) /// aae-mir-12 // CH477253.1:2720396-2720497 (-) /// aae-mir-283 // CH477253.1:2729329-2729431 (-),---,miRNA-3_0,"May 13, 2014",miRBase
aae-miR-124_st,aae-miR-124_st,MIMAT0014282,aae-miR-124,miRNA,Aedes aegypti,CH477191.1:1664623-1664641 (-),19,UAAGGCACGCGGUGAAUGC,---,---,---,miRNA-3_0,"May 13, 2014",miRBase
aae-miR-125-star_st,aae-miR-125-star_st,MIMAT0014259,aae-miR-125-star,miRNA,Aedes aegypti,CH477228.1:1156615-1156636 (+),22,UCCCUGAGACCCUAACUUGUGA,---,aae-mir-125 // CH477228.1:1156595-1156689 (+) /// aae-let-7 // CH477228.1:1156326-1156396 (+),---,miRNA-3_0,"May 13, 2014",miRBase
aae-miR-125_st,aae-miR-125_st,MIMAT0014258,aae-miR-125,miRNA,Aedes aegypti,CH477228.1:1156615-1156636 (+),22,UCCCUGAGACCCUAACUUGUGA,---,aae-mir-125 // CH477228.1:1156595-1156689 (+) /// aae-let-7 // CH477228.1:1156326-1156396 (+),---,miRNA-3_0,"May 13, 2014",miRBase
aae-miR-12_st,aae-miR-12_st,MIMAT0014253,aae-miR-12,miRNA,Aedes aegypti,CH477253.1:2720468-2720490 (-),23,UGAGUAUUACAUCAGGUACUGGU,---,aae-mir-1889 // CH477253.1:2720794-2720921 (-) /// aae-mir-12 // CH477253.1:2720396-2720497 (-) /// aae-mir-283 // CH477253.1:2729329-2729431 (-),---,miRNA-3_0,"May 13, 2014",miRBase
aae-miR-13-star_st,aae-miR-13-star_st,MIMAT0014255,aae-miR-13-star,miRNA,Aedes aegypti,CH477453.1:888786-888807 (-),22,UCGUAAAAAUGGUUGUGCUGUG,---,aae-mir-71 // CH477453.1:889378-889454 (-) /// aae-mir-2a // CH477453.1:888581-888677 (-) /// aae-mir-13 // CH477453.1:888736-888819 (-) /// aae-mir-2b // CH477453.1:887244-887330 (-) /// aae-mir-2c // CH477453.1:889085-889162 (-),---,miRNA-3_0,"May 13, 2014",miRBase
aae-miR-133_st,aae-miR-133_st,MIMAT0014275,aae-miR-133,miRNA,Aedes aegypti,CH477963.1:350306-350327 (-),22,UUGGUCCCCUUCAACCAGCUGU,---,---,---,miRNA-3_0,"May 13, 2014",miRBase
aae-miR-137_st,aae-miR-137_st,MIMAT0014274,aae-miR-137,miRNA,Aedes aegypti,CH477322.1:260684-260705 (-) /// CH478373.1:97844-97865 (+),22,UAUUGCUUGAGAAUACACGUAG,---,---,---,miRNA-3_0,"May 13, 2014",miRBase
aae-miR-13_st,aae-miR-13_st,MIMAT0014256,aae-miR-13,miRNA,Aedes aegypti,CH477453.1:888744-888766 (-),23,UAUCACAGCCAUUUUGACGAGUU,---,aae-mir-71 // CH477453.1:889378-889454 (-) /// aae-mir-2a // CH477453.1:888581-888677 (-) /// aae-mir-13 // CH477453.1:888736-888819 (-) /// aae-mir-2b // CH477453.1:887244-887330 (-) /// aae-mir-2c // CH477453.1:889085-889162 (-),---,miRNA-3_0,"May 13, 2014",miRBase
aae-miR-14_st,aae-miR-14_st,MIMAT0014240,aae-miR-14,miRNA,Aedes aegypti,CH477434.1:1089019-1089040 (-),22,UCAGUCUUUUUCUCUCUCCUAU,---,---,---,miRNA-3_0,"May 13, 2014",miRBase
aae-miR-184_st,aae-miR-184_st,MIMAT0014207,aae-miR-184,miRNA,Aedes aegypti,CH477681.1:143378-143399 (-),22,UGGACGGAGAACUGAUAAGGGC,---,---,---,miRNA-3_0,"May 13, 2014",miRBase
aae-miR-1889-star_st,aae-miR-1889-star_st,MIMAT0014233,aae-miR-1889-star,miRNA,Aedes aegypti,CH477253.1:2720896-2720917 (-),22,UAAUCUCAAAUUGUAACAGUGG,---,aae-mir-1889 // CH477253.1:2720794-2720921 (-) /// aae-mir-12 // CH477253.1:2720396-2720497 (-) /// aae-mir-283 // CH477253.1:2729329-2729431 (-),---,miRNA-3_0,"May 13, 2014",miRBase
aae-miR-1889_st,aae-miR-1889_st,MIMAT0014234,aae-miR-1889,miRNA,Aedes aegypti,CH477253.1:2720796-2720817 (-),22,CACGUUACAGAUUGGGGUUUCC,---,aae-mir-1889 // CH477253.1:2720794-2720921 (-) /// aae-mir-12 // CH477253.1:2720396-2720497 (-) /// aae-mir-283 // CH477253.1:2729329-2729431 (-),---,miRNA-3_0,"May 13, 2014",miRBase
aae-miR-1890_st,aae-miR-1890_st,MIMAT0014247,aae-miR-1890,miRNA,Aedes aegypti,CH477389.1:1733356-1733377 (+),22,UGAAAUCUUUGAUUAGGUCUGG,---,---,---,miRNA-3_0,"May 13, 2014",miRBase
aae-miR-1891_st,aae-miR-1891_st,MIMAT0014263,aae-miR-1891,miRNA,Aedes aegypti,CH477384.1:1109750-1109771 (-) /// CH477651.1:72802-72823 (+),22,UGAGGAGUUAAUUUGCGUGUUU,---,---,---,miRNA-3_0,"May 13, 2014",miRBase
aae-miR-190_st,aae-miR-190_st,MIMAT0014243,aae-miR-190,miRNA,Aedes aegypti,CH477380.1:82254-82277 (-),24,AGAUAUGUUUGAUAUUCUUGGUUG,---,---,---,miRNA-3_0,"May 13, 2014",miRBase
aae-miR-193_st,aae-miR-193_st,MIMAT0014305,aae-miR-193,miRNA,Aedes aegypti,CH477704.1:717137-717158 (+),22,UACUGGCCUACUAAGUCCCAAC,---,---,---,miRNA-3_0,"May 13, 2014",miRBase
aae-miR-1_st,aae-miR-1_st,MIMAT0014244,aae-miR-1,miRNA,Aedes aegypti,CH477997.1:291373-291394 (+),22,UGGAAUGUAAAGAAGUAUGGAG,---,---,---,miRNA-3_0,"May 13, 2014",miRBase
aae-miR-210_st,aae-miR-210_st,MIMAT0014293,aae-miR-210,miRNA,Aedes aegypti,CH477697.1:515650-515668 (-),19,CUUGUGCGUGUGACAACGG,---,---,---,miRNA-3_0,"May 13, 2014",miRBase
aae-miR-219_st,aae-miR-219_st,MIMAT0014307,aae-miR-219,miRNA,Aedes aegypti,CH477553.1:610337-610359 (+),23,UGAUUGUCCAAACGCAAUUCUUG,---,---,---,miRNA-3_0,"May 13, 2014",miRBase
aae-miR-252-star_st,aae-miR-252-star_st,MIMAT0014217,aae-miR-252-star,miRNA,Aedes aegypti,CH477241.1:1580027-1580047 (-),21,CUGCUGCCCAAGUGCUUAUCG,---,---,---,miRNA-3_0,"May 13, 2014",miRBase
aae-miR-252_st,aae-miR-252_st,MIMAT0014216,aae-miR-252,miRNA,Aedes aegypti,CH477241.1:1580060-1580080 (-),21,UAAGUACUAGUGCCGCAGGAG,---,---,---,miRNA-3_0,"May 13, 2014",miRBase
aae-miR-263a-star_st,aae-miR-263a-star_st,MIMAT0015372,aae-miR-263a-star,miRNA,Aedes aegypti,CH478165.1:164960-164981 (-),22,CGUGUUCUGGCAGUGGCAUCCC,---,---,---,miRNA-3_0,"May 13, 2014",miRBase
aae-miR-263a_st,aae-miR-263a_st,MIMAT0014289,aae-miR-263a,miRNA,Aedes aegypti,CH478165.1:164999-165021 (-),23,AAUGGCACUGGAAGAAUUCACGG,---,---,---,miRNA-3_0,"May 13, 2014",miRBase
aae-miR-263b-star_st,aae-miR-263b-star_st,MIMAT0014310,aae-miR-263b-star,miRNA,Aedes aegypti,CH477213.1:2323890-2323910 (+),21,UGGAUCUUUUCGUGCCAUCGU,---,---,---,miRNA-3_0,"May 13, 2014",miRBase
aae-miR-263b_st,aae-miR-263b_st,MIMAT0014309,aae-miR-263b,miRNA,Aedes aegypti,CH477213.1:2323846-2323868 (+),23,CUUGGCACUGGGAGAAUUCACAG,---,---,---,miRNA-3_0,"May 13, 2014",miRBase
aae-miR-275-star_st,aae-miR-275-star_st,MIMAT0014208,aae-miR-275-star,miRNA,Aedes aegypti,CH477209.1:486551-486572 (+),22,CGCGCUAAGCAGGAACCGAGAC,---,aae-mir-275 // CH477209.1:486536-486618 (+) /// aae-mir-305 // CH477209.1:495587-495674 (+),---,miRNA-3_0,"May 13, 2014",miRBase
aae-miR-275_st,aae-miR-275_st,MIMAT0014209,aae-miR-275,miRNA,Aedes aegypti,CH477209.1:486591-486610 (+),20,UCAGGUACCUGAAGUAGCGC,---,aae-mir-275 // CH477209.1:486536-486618 (+) /// aae-mir-305 // CH477209.1:495587-495674 (+),---,miRNA-3_0,"May 13, 2014",miRBase
aae-miR-276-star_st,aae-miR-276-star_st,MIMAT0014222,aae-miR-276-star,miRNA,Aedes aegypti,CH477319.1:38986-39006 (+),21,AGCGAGGUAUAGAGUUCCUAC,---,---,---,miRNA-3_0,"May 13, 2014",miRBase
aae-miR-2765_st,aae-miR-2765_st,MIMAT0014285,aae-miR-2765,miRNA,Aedes aegypti,CH477186.1:5248310-5248331 (+),22,UGGUAACUCCACCACCGUUGGC,---,---,---,miRNA-3_0,"May 13, 2014",miRBase
aae-miR-276_st,aae-miR-276_st,MIMAT0014223,aae-miR-276,miRNA,Aedes aegypti,CH477319.1:39026-39046 (+) /// CH477190.1:2769510-2769530 (-),21,UAGGAACUUCAUACCGUGCUC,---,---,---,miRNA-3_0,"May 13, 2014",miRBase
aae-miR-277-star_st,aae-miR-277-star_st,MIMAT0014210,aae-miR-277-star,miRNA,Aedes aegypti,CH477450.1:508812-508832 (+),21,CGUGUCAGAAGUGCAUUUACA,---,aae-mir-277 // CH477450.1:508799-508893 (+) /// aae-mir-34 // CH477450.1:509521-509649 (+),---,miRNA-3_0,"May 13, 2014",miRBase
aae-miR-277_st,aae-miR-277_st,MIMAT0014211,aae-miR-277,miRNA,Aedes aegypti,CH477450.1:508860-508881 (+),22,UAAAUGCACUAUCUGGUACGAC,---,aae-mir-277 // CH477450.1:508799-508893 (+) /// aae-mir-34 // CH477450.1:509521-509649 (+),---,miRNA-3_0,"May 13, 2014",miRBase
aae-miR-278-star_st,aae-miR-278-star_st,MIMAT0014238,aae-miR-278-star,miRNA,Aedes aegypti,CH477201.1:3596311-3596332 (+),22,UCGGUGGGACUUUCGUCCGUUU,---,---,---,miRNA-3_0,"May 13, 2014",miRBase
aae-miR-278_st,aae-miR-278_st,MIMAT0014237,aae-miR-278,miRNA,Aedes aegypti,CH477201.1:3596269-3596291 (+),23,ACGGACGAUAGUCUUCAGCGGCC,---,---,---,miRNA-3_0,"May 13, 2014",miRBase
aae-miR-279_st,aae-miR-279_st,MIMAT0014288,aae-miR-279,miRNA,Aedes aegypti,CH477622.1:572258-572279 (-),22,UGACUAGAUCCACACUCAUUAA,---,aae-mir-996 // CH477622.1:567493-567590 (-) /// aae-mir-279 // CH477622.1:572245-572339 (-),---,miRNA-3_0,"May 13, 2014",miRBase
aae-miR-281-star_st,aae-miR-281-star_st,MIMAT0014232,aae-miR-281-star,miRNA,Aedes aegypti,CH478141.1:134499-134520 (+),22,UGUCAUGGAAUUGCUCUCUUUA,---,---,---,miRNA-3_0,"May 13, 2014",miRBase
aae-miR-281_st,aae-miR-281_st,MIMAT0014231,aae-miR-281,miRNA,Aedes aegypti,CH478141.1:134462-134480 (+),19,AAGAGAGCUAUCCGUCGAC,---,---,---,miRNA-3_0,"May 13, 2014",miRBase
aae-miR-282-star_st,aae-miR-282-star_st,MIMAT0014312,aae-miR-282-star,miRNA,Aedes aegypti,CH477554.1:993048-993069 (+) /// CH477562.1:313232-313253 (-),22,ACAUAGCCUGACAGAGGUUAGG,---,---,---,miRNA-3_0,"May 13, 2014",miRBase
aae-miR-282_st,aae-miR-282_st,MIMAT0014311,aae-miR-282,miRNA,Aedes aegypti,CH477554.1:992992-993018 (+) /// CH477562.1:313283-313309 (-),27,AAUCUAGCCUCUCCUAGGCUUUGUCUG,---,---,---,miRNA-3_0,"May 13, 2014",miRBase
aae-miR-283_st,aae-miR-283_st,MIMAT0014279,aae-miR-283,miRNA,Aedes aegypti,CH477253.1:2729393-2729416 (-),24,CAAUAUCAGCUGGUAAUUCUGGGC,---,aae-mir-1889 // CH477253.1:2720794-2720921 (-) /// aae-mir-12 // CH477253.1:2720396-2720497 (-) /// aae-mir-283 // CH477253.1:2729329-2729431 (-),---,miRNA-3_0,"May 13, 2014",miRBase
aae-miR-285_st,aae-miR-285_st,MIMAT0014273,aae-miR-285,miRNA,Aedes aegypti,CH477208.1:3339153-3339174 (-),22,UAGCACCAUUCGAAAUCAGUAC,---,---,---,miRNA-3_0,"May 13, 2014",miRBase
aae-miR-286a_st,aae-miR-286a_st,MIMAT0014314,aae-miR-286a,miRNA,Aedes aegypti,CH477649.1:825057-825081 (+),25,UGACUAGACCGAACACUCGCGUCCU,---,aae-mir-2944a // CH477649.1:825450-825511 (+) /// aae-mir-2944b // CH477649.1:825313-825374 (+) /// aae-mir-286a // CH477649.1:824995-825091 (+) /// aae-mir-309b // CH477649.1:825629-825699 (+),---,miRNA-3_0,"May 13, 2014",miRBase
aae-miR-286b_st,aae-miR-286b_st,MIMAT0014313,aae-miR-286b,miRNA,Aedes aegypti,CH477335.1:907391-907415 (+) /// CH477787.1:93541-93565 (+),25,UGACUAGACCGAACACUCGUAUCCC,---,aae-mir-309a-2 // CH477787.1:94025-94115 (+) /// aae-mir-286b-2 // CH477787.1:93476-93572 (+),---,miRNA-3_0,"May 13, 2014",miRBase
aae-miR-2940-star_st,aae-miR-2940-star_st,MIMAT0014284,aae-miR-2940-star,miRNA,Aedes aegypti,CH477407.1:644043-644064 (+),22,GUCGACAGGGAGAUAAAUCACU,---,---,---,miRNA-3_0,"May 13, 2014",miRBase
aae-miR-2940_st,aae-miR-2940_st,MIMAT0014283,aae-miR-2940,miRNA,Aedes aegypti,CH477407.1:643960-643982 (+),23,UGGUUUAUCUUAUCUGUCGAGGC,---,---,---,miRNA-3_0,"May 13, 2014",miRBase
aae-miR-2941_st,aae-miR-2941_st,MIMAT0014286,aae-miR-2941,miRNA,Aedes aegypti,CH477570.1:413147-413168 (-) /// CH477570.1:413451-413472 (-),22,UAGUACGGCUAGAACUCCACGG,---,aae-mir-2941-1 // CH477570.1:413127-413232 (-) /// aae-mir-2941-2 // CH477570.1:413436-413530 (-) /// aae-mir-2946 // CH477570.1:413565-413652 (-),---,miRNA-3_0,"May 13, 2014",miRBase
aae-miR-2942_st,aae-miR-2942_st,MIMAT0014300,aae-miR-2942,miRNA,Aedes aegypti,CH477430.1:212450-212472 (+),23,UAUUCGAGACUUCACGAGUUAAU,---,---,---,miRNA-3_0,"May 13, 2014",miRBase
aae-miR-2943_st,aae-miR-2943_st,MIMAT0014301,aae-miR-2943,miRNA,Aedes aegypti,CH477533.1:480928-480950 (+) /// CH477533.1:481083-481105 (+),23,UUAAGUAGGCACUUGCAGGCAAA,---,aae-mir-2943-1 // CH477533.1:480917-480997 (+) /// aae-mir-2943-2 // CH477533.1:481079-481149 (+),---,miRNA-3_0,"May 13, 2014",miRBase
aae-miR-2944a-star_st,aae-miR-2944a-star_st,MIMAT0014303,aae-miR-2944a-star,miRNA,Aedes aegypti,CH477649.1:825488-825509 (+),22,UAUCACAGUAGUUGUACUUUAA,---,aae-mir-2944a // CH477649.1:825450-825511 (+) /// aae-mir-2944b // CH477649.1:825313-825374 (+) /// aae-mir-286a // CH477649.1:824995-825091 (+) /// aae-mir-309b // CH477649.1:825629-825699 (+),---,miRNA-3_0,"May 13, 2014",miRBase
aae-miR-2944a_st,aae-miR-2944a_st,MIMAT0014302,aae-miR-2944a,miRNA,Aedes aegypti,CH477649.1:825454-825477 (+),24,GAAGGAACUUCUGCUGUGAUCUGA,---,aae-mir-2944a // CH477649.1:825450-825511 (+) /// aae-mir-2944b // CH477649.1:825313-825374 (+) /// aae-mir-286a // CH477649.1:824995-825091 (+) /// aae-mir-309b // CH477649.1:825629-825699 (+),---,miRNA-3_0,"May 13, 2014",miRBase
aae-miR-2944b-star_st,aae-miR-2944b-star_st,MIMAT0015373,aae-miR-2944b-star,miRNA,Aedes aegypti,CH477649.1:825350-825371 (+),22,UAUCACAGCAGUAGUUACCUGA,---,aae-mir-2944a // CH477649.1:825450-825511 (+) /// aae-mir-2944b // CH477649.1:825313-825374 (+) /// aae-mir-286a // CH477649.1:824995-825091 (+) /// aae-mir-309b // CH477649.1:825629-825699 (+),---,miRNA-3_0,"May 13, 2014",miRBase
aae-miR-2944b_st,aae-miR-2944b_st,MIMAT0014304,aae-miR-2944b,miRNA,Aedes aegypti,CH477649.1:825316-825338 (+),23,GAAGGAACUCCCGGUGUGAUAUA,---,aae-mir-2944a // CH477649.1:825450-825511 (+) /// aae-mir-2944b // CH477649.1:825313-825374 (+) /// aae-mir-286a // CH477649.1:824995-825091 (+) /// aae-mir-309b // CH477649.1:825629-825699 (+),---,miRNA-3_0,"May 13, 2014",miRBase
aae-miR-2945-star_st,aae-miR-2945-star_st,MIMAT0014315,aae-miR-2945-star,miRNA,Aedes aegypti,CH477228.1:958696-958719 (+),24,AGCGGGUCCGUUUCUAGUGUCAUG,---,---,---,miRNA-3_0,"May 13, 2014",miRBase
aae-miR-2945_st,aae-miR-2945_st,MIMAT0014316,aae-miR-2945,miRNA,Aedes aegypti,CH477228.1:958738-958759 (+),22,UGACUAGAGGCAGACUCGUUUA,---,---,---,miRNA-3_0,"May 13, 2014",miRBase
aae-miR-2946_st,aae-miR-2946_st,MIMAT0014325,aae-miR-2946,miRNA,Aedes aegypti,CH477570.1:413577-413598 (-),22,UAGUACGGAAAAGAUAUGGGGA,---,aae-mir-2941-1 // CH477570.1:413127-413232 (-) /// aae-mir-2941-2 // CH477570.1:413436-413530 (-) /// aae-mir-2946 // CH477570.1:413565-413652 (-),---,miRNA-3_0,"May 13, 2014",miRBase
aae-miR-2a-star_st,aae-miR-2a-star_st,MIMAT0014225,aae-miR-2a-star,miRNA,Aedes aegypti,CH477453.1:888643-888663 (-),21,ACUCUCAAAGUGGUUGUGAAA,---,aae-mir-71 // CH477453.1:889378-889454 (-) /// aae-mir-2a // CH477453.1:888581-888677 (-) /// aae-mir-13 // CH477453.1:888736-888819 (-) /// aae-mir-2b // CH477453.1:887244-887330 (-) /// aae-mir-2c // CH477453.1:889085-889162 (-),---,miRNA-3_0,"May 13, 2014",miRBase
aae-miR-2a_st,aae-miR-2a_st,MIMAT0014226,aae-miR-2a,miRNA,Aedes aegypti,CH477453.1:888597-888619 (-),23,UAUCACAGCCAGCUUUGAAGAGC,---,aae-mir-71 // CH477453.1:889378-889454 (-) /// aae-mir-2a // CH477453.1:888581-888677 (-) /// aae-mir-13 // CH477453.1:888736-888819 (-) /// aae-mir-2b // CH477453.1:887244-887330 (-) /// aae-mir-2c // CH477453.1:889085-889162 (-),---,miRNA-3_0,"May 13, 2014",miRBase
aae-miR-2b_st,aae-miR-2b_st,MIMAT0014306,aae-miR-2b,miRNA,Aedes aegypti,CH477453.1:887256-887279 (-),24,UAUCACAGCCAGCUUUGAUGAGCU,---,aae-mir-71 // CH477453.1:889378-889454 (-) /// aae-mir-2a // CH477453.1:888581-888677 (-) /// aae-mir-13 // CH477453.1:888736-888819 (-) /// aae-mir-2b // CH477453.1:887244-887330 (-) /// aae-mir-2c // CH477453.1:889085-889162 (-),---,miRNA-3_0,"May 13, 2014",miRBase
aae-miR-2c_st,aae-miR-2c_st,MIMAT0014308,aae-miR-2c,miRNA,Aedes aegypti,CH477453.1:889091-889113 (-),23,UAUCACAGCCAGCUUUGAUGAGC,---,aae-mir-71 // CH477453.1:889378-889454 (-) /// aae-mir-2a // CH477453.1:888581-888677 (-) /// aae-mir-13 // CH477453.1:888736-888819 (-) /// aae-mir-2b // CH477453.1:887244-887330 (-) /// aae-mir-2c // CH477453.1:889085-889162 (-),---,miRNA-3_0,"May 13, 2014",miRBase
aae-miR-305-star_st,aae-miR-305-star_st,MIMAT0014250,aae-miR-305-star,miRNA,Aedes aegypti,CH477209.1:495639-495661 (+),23,CGGCACAUGUUGGAGUACACUUA,---,aae-mir-275 // CH477209.1:486536-486618 (+) /// aae-mir-305 // CH477209.1:495587-495674 (+),---,miRNA-3_0,"May 13, 2014",miRBase
aae-miR-305_st,aae-miR-305_st,MIMAT0014249,aae-miR-305,miRNA,Aedes aegypti,CH477209.1:495601-495624 (+),24,AUUGUACUUCAUCAGGUGCUCUGG,---,aae-mir-275 // CH477209.1:486536-486618 (+) /// aae-mir-305 // CH477209.1:495587-495674 (+),---,miRNA-3_0,"May 13, 2014",miRBase
aae-miR-306-star_st,aae-miR-306-star_st,MIMAT0014230,aae-miR-306-star,miRNA,Aedes aegypti,CH477970.1:213152-213173 (+),22,GAGAGCACCUCGGUAUCUAAGC,---,aae-mir-306 // CH477970.1:213059-213187 (+) /// aae-mir-79 // CH477970.1:213262-213357 (+) /// aae-mir-9b // CH477970.1:213570-213661 (+),---,miRNA-3_0,"May 13, 2014",miRBase
aae-miR-306_st,aae-miR-306_st,MIMAT0014229,aae-miR-306,miRNA,Aedes aegypti,CH477970.1:213078-213099 (+),22,UCAGGUACUGAGUGACUCUCAG,---,aae-mir-306 // CH477970.1:213059-213187 (+) /// aae-mir-79 // CH477970.1:213262-213357 (+) /// aae-mir-9b // CH477970.1:213570-213661 (+),---,miRNA-3_0,"May 13, 2014",miRBase
aae-miR-307_st,aae-miR-307_st,MIMAT0014296,aae-miR-307,miRNA,Aedes aegypti,CH477201.1:1859430-1859451 (-),22,CACAACCUCCUUGAGUGAGCGA,---,---,---,miRNA-3_0,"May 13, 2014",miRBase
aae-miR-308-star_st,aae-miR-308-star_st,MIMAT0014261,aae-miR-308-star,miRNA,Aedes aegypti,CH477292.1:509021-509038 (+),18,AAUCACAGGAGUAUACUG,---,---,---,miRNA-3_0,"May 13, 2014",miRBase
aae-miR-308_st,aae-miR-308_st,MIMAT0014260,aae-miR-308,miRNA,Aedes aegypti,CH477292.1:508980-509001 (+),22,CGCGGUAUAUUCUUGUGGCUUG,---,---,---,miRNA-3_0,"May 13, 2014",miRBase
aae-miR-309a_st,aae-miR-309a_st,MIMAT0014272,aae-miR-309a,miRNA,Aedes aegypti,CH477335.1:907938-907958 (+) /// CH477787.1:94088-94108 (+),21,UCACUGGGCAAAGUUUGUCGC,---,aae-mir-309a-2 // CH477787.1:94025-94115 (+) /// aae-mir-286b-2 // CH477787.1:93476-93572 (+),---,miRNA-3_0,"May 13, 2014",miRBase
aae-miR-309b-star_st,aae-miR-309b-star_st,MIMAT0014319,aae-miR-309b-star,miRNA,Aedes aegypti,CH477649.1:825634-825656 (+),23,CGUCAAACUCCGUUCAGUUGGUG,---,aae-mir-2944a // CH477649.1:825450-825511 (+) /// aae-mir-2944b // CH477649.1:825313-825374 (+) /// aae-mir-286a // CH477649.1:824995-825091 (+) /// aae-mir-309b // CH477649.1:825629-825699 (+),---,miRNA-3_0,"May 13, 2014",miRBase
aae-miR-309b_st,aae-miR-309b_st,MIMAT0014320,aae-miR-309b,miRNA,Aedes aegypti,CH477649.1:825675-825696 (+),22,UCACUGGGCAUAGUUUGUCGCA,---,aae-mir-2944a // CH477649.1:825450-825511 (+) /// aae-mir-2944b // CH477649.1:825313-825374 (+) /// aae-mir-286a // CH477649.1:824995-825091 (+) /// aae-mir-309b // CH477649.1:825629-825699 (+),---,miRNA-3_0,"May 13, 2014",miRBase
aae-miR-315-star_st,aae-miR-315-star_st,MIMAT0015370,aae-miR-315-star,miRNA,Aedes aegypti,CH477797.1:104185-104206 (+),22,CUUUCGAGCAGUAAUCAAAGUC,---,---,---,miRNA-3_0,"May 13, 2014",miRBase
aae-miR-315_st,aae-miR-315_st,MIMAT0014262,aae-miR-315,miRNA,Aedes aegypti,CH477797.1:104143-104164 (+),22,UUUUGAUUGUUGCUCAGAAAGC,---,---,---,miRNA-3_0,"May 13, 2014",miRBase
aae-miR-316_st,aae-miR-316_st,MIMAT0014317,aae-miR-316,miRNA,Aedes aegypti,CH477474.1:891327-891348 (-),22,UGUCUUUUUCCGCUUACUGCCG,---,---,---,miRNA-3_0,"May 13, 2014",miRBase
aae-miR-317_st,aae-miR-317_st,MIMAT0014224,aae-miR-317,miRNA,Aedes aegypti,CH477338.1:2154717-2154737 (-) /// CH477450.1:429503-429523 (+),21,UGAACACAGCUGGUGGUAUCU,---,---,---,miRNA-3_0,"May 13, 2014",miRBase
aae-miR-31_st,aae-miR-31_st,MIMAT0014276,aae-miR-31,miRNA,Aedes aegypti,CH477821.1:483257-483279 (-),23,UGGCAAGAUGUUGGCAUAGCUGA,---,---,---,miRNA-3_0,"May 13, 2014",miRBase
aae-miR-33_st,aae-miR-33_st,MIMAT0014287,aae-miR-33,miRNA,Aedes aegypti,CH477672.1:351656-351676 (+),21,GUGCAUUGUAGUUGCAUUGCA,---,---,---,miRNA-3_0,"May 13, 2014",miRBase
aae-miR-34-star_st,aae-miR-34-star_st,MIMAT0014246,aae-miR-34-star,miRNA,Aedes aegypti,CH477450.1:509614-509636 (+),23,CAACCACUAUCCGCCCUGCCGCC,---,aae-mir-277 // CH477450.1:508799-508893 (+) /// aae-mir-34 // CH477450.1:509521-509649 (+),---,miRNA-3_0,"May 13, 2014",miRBase
aae-miR-34_st,aae-miR-34_st,MIMAT0014245,aae-miR-34,miRNA,Aedes aegypti,CH477450.1:509536-509557 (+),22,UGGCAGUGUGGUUAGCUGGUUG,---,aae-mir-277 // CH477450.1:508799-508893 (+) /// aae-mir-34 // CH477450.1:509521-509649 (+),---,miRNA-3_0,"May 13, 2014",miRBase
aae-miR-375_st,aae-miR-375_st,MIMAT0014298,aae-miR-375,miRNA,Aedes aegypti,CH477494.1:1318752-1318773 (-),22,UUUGUUCGUUUGGCUCGAGUUA,---,---,---,miRNA-3_0,"May 13, 2014",miRBase
aae-miR-71-star_st,aae-miR-71-star_st,MIMAT0014221,aae-miR-71-star,miRNA,Aedes aegypti,CH477453.1:889383-889404 (-),22,UCUCACUACCUUGUCUUUCAUG,---,aae-mir-71 // CH477453.1:889378-889454 (-) /// aae-mir-2a // CH477453.1:888581-888677 (-) /// aae-mir-13 // CH477453.1:888736-888819 (-) /// aae-mir-2b // CH477453.1:887244-887330 (-) /// aae-mir-2c // CH477453.1:889085-889162 (-),---,miRNA-3_0,"May 13, 2014",miRBase
aae-miR-71_st,aae-miR-71_st,MIMAT0014220,aae-miR-71,miRNA,Aedes aegypti,CH477453.1:889428-889449 (-),22,AGAAAGACAUGGGUAGUGAGAU,---,aae-mir-71 // CH477453.1:889378-889454 (-) /// aae-mir-2a // CH477453.1:888581-888677 (-) /// aae-mir-13 // CH477453.1:888736-888819 (-) /// aae-mir-2b // CH477453.1:887244-887330 (-) /// aae-mir-2c // CH477453.1:889085-889162 (-),---,miRNA-3_0,"May 13, 2014",miRBase
aae-miR-79-star_st,aae-miR-79-star_st,MIMAT0014295,aae-miR-79-star,miRNA,Aedes aegypti,CH477970.1:213317-213338 (+),22,UAAAGCUAGAUUACCAAAGCAU,---,aae-mir-306 // CH477970.1:213059-213187 (+) /// aae-mir-79 // CH477970.1:213262-213357 (+) /// aae-mir-9b // CH477970.1:213570-213661 (+),---,miRNA-3_0,"May 13, 2014",miRBase
